audio_id,clip_key,locale,language_version,stage,role,speech_or_sfx,participant_facing,active_runtime,experiment_placement,gating_and_timing,runtime_hook_or_log_marker,package_asset_or_resource,runtime_asset_path,runtime_asset_sha256,registry,registry_audio_path,registry_sha256,source_path_or_provenance,duration_ms,observed_duration_ms,target_duration_ms,duration_match_required,translation_policy,background_stem_id,original_english_wording,current_locale_script_or_wording,observed_transcript,back_translation_en,transcript_or_script_path,elevenlabs_provider,elevenlabs_voice_id,elevenlabs_model_id,elevenlabs_language_code,elevenlabs_output_format,generation_status,generated_at,synthesis_or_maintenance_note,source_reference
aud_0100,condition_1_instruction_mix,en-US,English source/fallback,condition_1,condition_1_instruction_mix,speech,yes,yes,Condition 1. The 3D Big Red Button is visible and controller-contact pressing is active for the full instruction track.,Condition clock and ECG window are anchored immediately before MediaPlayer.start(); exact duration is part of export validation.,"openConditionAudioAsset(AUDIO_ID_CONDITION_1, CONDITION_1_AUDIO); BRB_CONDITION_START condition=1",assets/first-big-red-button-vr-study-instructions-final.mp3,../audio-assets/final/first-big-red-button-vr-study-instructions-final.mp3,A3767727AE935BE2455282F52C4765833DA9C04F95EDA81BA0354C7E1CE4F0C6,../audio-assets/localized/manifest.json > assets.aud_0100.locales.en-US,../audio-assets/localized/en_us/aud_0100_condition_1_instructions__en_us.mp3,A3767727AE935BE2455282F52C4765833DA9C04F95EDA81BA0354C7E1CE4F0C6,../audio-assets/final/first-big-red-button-vr-study-instructions-final.mp3,300774,,300774,yes,humor_localize_instruction_preserve,backgroundMusic,"Hello and welcome. Thank you for being here. You are doing wonderfully already. There is nothing you need to prove. Nothing you need to achieve. You can simply be here, and that is enough. In this room, you are allowed to take your time, all the time you need. And if at any point you would like to, you may press the big red button, only if you want to of course. There is absolutely no pressure. You do not have to press it, not now, not later, not ever. But if you want to, you can press the big red button. You can just sit around and do nothing for the whole study. That is completely allowed. Completely acceptable. Completely up to you. Doing nothing is still doing it correctly. Sitting quietly is a valid choice. Looking around is a valid choice. Breathing in and breathing out is a valid choice. And if you want to, you may press the big red button. And yet, if in your own time and in your own way, you decide that it feels right, you may press the big red button. It is very big. Noticeably big. Almost surprisingly big. Larger than a button really needs to be. But that is part of its charm. A big button with a big presence. A confident button. A patient button. And red. Very red. Deeply red. Undeniably red. The sort of red that does not hide. The sort of red that knows what it is. A big red button. Being very button-like. In a very red way. And from time to time, you may notice it blinks. Just a little. A gentle blink. Not to rush you. Not to pressure you. Just to remind you that it is there. Big red. Available. Blinking every now and then. As if saying hello please. I am the big red button. If you want to press me, you can. And if you do not want to, that is also fine. Fine. More than fine. Excellent even. And if you want to, you can press me now. Or later. Or not at all. You may sit here for the entire study doing nothing at all. And that choice will be respected. There is no wrong way to be here. There is only your way. So please, take your time. Look at the big red button. Or do not. Think about pressing it. Or do not. Wait for a blink. Or do not press it if you want to. And if you do not want to, you can just sit around doing nothing. Peacefully. Gently. Perfectly. While the big red button continues being big. And red. And occasionally blinking. And if at some point you decide you want to, you may press the big red button. Or not. That is up to you. Entirely up to you. In your own time.","Hello and welcome. Thank you for being here. You are doing wonderfully already. There is nothing you need to prove. Nothing you need to achieve. You can simply be here, and that is enough. In this room, you are allowed to take your time, all the time you need. And if at any point you would like to, you may press the big red button, only if you want to of course. There is absolutely no pressure. You do not have to press it, not now, not later, not ever. But if you want to, you can press the big red button. You can just sit around and do nothing for the whole study. That is completely allowed. Completely acceptable. Completely up to you. Doing nothing is still doing it correctly. Sitting quietly is a valid choice. Looking around is a valid choice. Breathing in and breathing out is a valid choice. And if you want to, you may press the big red button. And yet, if in your own time and in your own way, you decide that it feels right, you may press the big red button. It is very big. Noticeably big. Almost surprisingly big. Larger than a button really needs to be. But that is part of its charm. A big button with a big presence. A confident button. A patient button. And red. Very red. Deeply red. Undeniably red. The sort of red that does not hide. The sort of red that knows what it is. A big red button. Being very button-like. In a very red way. And from time to time, you may notice it blinks. Just a little. A gentle blink. Not to rush you. Not to pressure you. Just to remind you that it is there. Big red. Available. Blinking every now and then. As if saying hello please. I am the big red button. If you want to press me, you can. And if you do not want to, that is also fine. Fine. More than fine. Excellent even. And if you want to, you can press me now. Or later. Or not at all. You may sit here for the entire study doing nothing at all. And that choice will be respected. There is no wrong way to be here. There is only your way. So please, take your time. Look at the big red button. Or do not. Think about pressing it. Or do not. Wait for a blink. Or do not press it if you want to. And if you do not want to, you can just sit around doing nothing. Peacefully. Gently. Perfectly. While the big red button continues being big. And red. And occasionally blinking. And if at some point you decide you want to, you may press the big red button. Or not. That is up to you. Entirely up to you. In your own time.","Hello and welcome. Thank you for being here. You are doing wonderfully already. There is nothing you need to prove. Nothing you need to achieve. You can simply be here, and that is enough. In this room, you are allowed to take your time, all the time you need. And if at any point you would like to, you may press the big red button, only if you want to of course. There is absolutely no pressure. You do not have to press it, not now, not later, not ever. But if you want to, you can press the big red button. You can just sit around and do nothing for the whole study. That is completely allowed. Completely acceptable. Completely up to you. Doing nothing is still doing it correctly. Sitting quietly is a valid choice. Looking around is a valid choice. Breathing in and breathing out is a valid choice. And if you want to, you may press the big red button. And yet, if in your own time and in your own way, you decide that it feels right, you may press the big red button. It is very big. Noticeably big. Almost surprisingly big. Larger than a button really needs to be. But that is part of its charm. A big button with a big presence. A confident button. A patient button. And red. Very red. Deeply red. Undeniably red. The sort of red that does not hide. The sort of red that knows what it is. A big red button. Being very button-like. In a very red way. And from time to time, you may notice it blinks. Just a little. A gentle blink. Not to rush you. Not to pressure you. Just to remind you that it is there. Big red. Available. Blinking every now and then. As if saying hello please. I am the big red button. If you want to press me, you can. And if you do not want to, that is also fine. Fine. More than fine. Excellent even. And if you want to, you can press me now. Or later. Or not at all. You may sit here for the entire study doing nothing at all. And that choice will be respected. There is no wrong way to be here. There is only your way. So please, take your time. Look at the big red button. Or do not. Think about pressing it. Or do not. Wait for a blink. Or do not press it if you want to. And if you do not want to, you can just sit around doing nothing. Peacefully. Gently. Perfectly. While the big red button continues being big. And red. And occasionally blinking. And if at some point you decide you want to, you may press the big red button. Or not. That is up to you. Entirely up to you. In your own time.",,../audio-assets/localized/transcripts/en_us/aud_0100_condition_1_instructions__en_us.json,,,,,,source,,English is the source/fallback stimulus; preserve byte-for-byte unless study design changes.,"app/src/main/java/org/bigredbutton/firststudy/BigRedButtonStudyActivity.kt:1851,1884,1911,6937,6940"
aud_0100,condition_1_instruction_mix,ja-JP,Japanese localized,condition_1,condition_1_instruction_mix,speech,yes,yes,Condition 1. The 3D Big Red Button is visible and controller-contact pressing is active for the full instruction track.,Condition clock and ECG window are anchored immediately before MediaPlayer.start(); exact duration is part of export validation.,"openConditionAudioAsset(AUDIO_ID_CONDITION_1, CONDITION_1_AUDIO); BRB_CONDITION_START condition=1",assets/localized/ja_jp/aud_0100_condition_1_instructions__ja_jp.mp3,../audio-assets/localized/ja_jp/aud_0100_condition_1_instructions__ja_jp.mp3,F88791E5805D317C8455F77E1E6FCC6094CDE3F24D0B6111F3239E9CE4EF8F95,../audio-assets/localized/manifest.json > assets.aud_0100.locales.ja-JP,../audio-assets/localized/ja_jp/aud_0100_condition_1_instructions__ja_jp.mp3,F88791E5805D317C8455F77E1E6FCC6094CDE3F24D0B6111F3239E9CE4EF8F95,,300774,300774,300774,yes,humor_localize_instruction_preserve,backgroundMusic,"Hello and welcome. Thank you for being here. You are doing wonderfully already. There is nothing you need to prove. Nothing you need to achieve. You can simply be here, and that is enough. In this room, you are allowed to take your time, all the time you need. And if at any point you would like to, you may press the big red button, only if you want to of course. There is absolutely no pressure. You do not have to press it, not now, not later, not ever. But if you want to, you can press the big red button. You can just sit around and do nothing for the whole study. That is completely allowed. Completely acceptable. Completely up to you. Doing nothing is still doing it correctly. Sitting quietly is a valid choice. Looking around is a valid choice. Breathing in and breathing out is a valid choice. And if you want to, you may press the big red button. And yet, if in your own time and in your own way, you decide that it feels right, you may press the big red button. It is very big. Noticeably big. Almost surprisingly big. Larger than a button really needs to be. But that is part of its charm. A big button with a big presence. A confident button. A patient button. And red. Very red. Deeply red. Undeniably red. The sort of red that does not hide. The sort of red that knows what it is. A big red button. Being very button-like. In a very red way. And from time to time, you may notice it blinks. Just a little. A gentle blink. Not to rush you. Not to pressure you. Just to remind you that it is there. Big red. Available. Blinking every now and then. As if saying hello please. I am the big red button. If you want to press me, you can. And if you do not want to, that is also fine. Fine. More than fine. Excellent even. And if you want to, you can press me now. Or later. Or not at all. You may sit here for the entire study doing nothing at all. And that choice will be respected. There is no wrong way to be here. There is only your way. So please, take your time. Look at the big red button. Or do not. Think about pressing it. Or do not. Wait for a blink. Or do not press it if you want to. And if you do not want to, you can just sit around doing nothing. Peacefully. Gently. Perfectly. While the big red button continues being big. And red. And occasionally blinking. And if at some point you decide you want to, you may press the big red button. Or not. That is up to you. Entirely up to you. In your own time.","こんにちは、ようこそ。
ここに来てくださってありがとうございます。
もうすでに、とても順調です。
証明しなければならないことは、何もありません。
達成しなければならないことも、何もありません。
ただここにいるだけで、十分です。
この部屋では、あなたは時間をかけてかまいません。
必要なだけ、ゆっくりで大丈夫です。
そして、もしどこかの時点で、そうしたいと思ったなら、
大きな赤いボタンを押してもかまいません。
もちろん、押したい場合だけです。
圧力は、まったくありません。
押さなくても大丈夫です。
今も、あとでも、永遠に押さなくても、大丈夫です。
でも、もし押したいと思ったなら、
大きな赤いボタンを押すことができます。
この研究のあいだ、ずっと座って、何もしなくてもかまいません。
それは完全に許可されています。
完全に受け入れられます。
完全に、あなた次第です。
何もしないことも、正しく参加していることになります。
静かに座っていることも、有効な選択です。
あたりを見ることも、有効な選択です。
息を吸って、息を吐くことも、有効な選択です。
そして、もし押したいと思ったなら、
大きな赤いボタンを押してもかまいません。
それでもなお、あなた自身のタイミングで、
あなた自身のやり方で、
今だ、と感じたなら、
大きな赤いボタンを押してもかまいません。
そのボタンは、とても大きいです。
はっきり大きいです。
少し驚くほど大きいです。
ボタンとして必要な大きさを、少し超えています。
でも、それも魅力の一部です。
大きな存在感をもつ、大きなボタン。
自信のあるボタン。
待つことのできるボタン。
そして、赤いです。
とても赤いです。
深く赤いです。
否定できないほど赤いです。
隠れようとしない種類の赤です。
自分が何色なのか、よく知っている種類の赤です。
大きな赤いボタン。
とてもボタンらしく存在しています。
しかも、とても赤いやり方で。
ときどき、そのボタンが点滅することに気づくかもしれません。
ほんの少しだけです。
やさしい点滅です。
急がせるためではありません。
圧力をかけるためでもありません。
ただ、そこにいることを思い出してもらうためです。
大きく。
赤く。
利用可能で。
ときどき点滅して。
まるで、こう言っているようです。
こんにちは。どうぞ。
私は、大きな赤いボタンです。
押したいなら、押せます。
押したくないなら、それもかまいません。
かまいません。
それ以上に、かまいません。
むしろ、すばらしいくらいです。
そして、もし押したいなら、今押してもかまいません。
あとで押してもかまいません。
まったく押さなくてもかまいません。
この研究のあいだ、ずっと何もしないで座っていてもかまいません。
その選択は尊重されます。
ここにいることに、間違った方法はありません。
あるのは、あなたの方法だけです。
ですから、どうぞ、時間をかけてください。
大きな赤いボタンを見てください。
あるいは、見なくてもかまいません。
押すことについて考えてください。
あるいは、考えなくてもかまいません。
点滅を待ってもかまいません。
待たなくてもかまいません。
押したいなら、押してください。
押したくないなら、ただ座っていてください。
静かに。
おだやかに。
完璧に。
そのあいだにも、大きな赤いボタンは、
大きくあり続けます。
赤くあり続けます。
そして、ときどき点滅し続けます。
そして、どこかの時点で、押したいと思ったなら、
大きな赤いボタンを押してもかまいません。
あるいは、押さなくてもかまいません。
それはあなた次第です。
完全に、あなた次第です。
あなた自身のタイミングで。",こんにちは、ようこそ。ここに来てくださってありがとうございます。もうすでにとても順調です。証明しなければならないことは何もありません。達成しなければならないことも何もありません。ただここにいるだけで十分です。この部屋ではあなたは時間をかけて構いません。必要なだけゆっくりで大丈夫です。そしてもしどこかの時点でそうしたいと思ったなら大きな赤いボタンを押しても構いません。もちろん押したい場合だけです。圧力は全くありません。押さなくても大丈夫です。今も、後でも、永遠に押さなくても大丈夫です。でも、もし押したいと思ったなら大きな赤いボタンを押すことができます。この研究の間、ずっと座って何もしなくても構いません。それは完全に許可されています。完全に受け入れられます。完全にあなた次第です。何もしないことも正しく参加していることになります。静かに座っていることも有効な選択です。当たりを見ることも有効な選択です。息を吸って、一応吐くことも有効な選択です。そして、もし押したいと思ったなら大きな赤いボタンを押しても構いません。それでもなお、あなた自身のタイミングであなた自身のやり方で、今だと感じたなら大きな赤いボタンを押しても構いません。そのボタンはとても大きいです。はっきり大きいです。少し驚くほど大きいです。ボタンとして必要な大きさを少し超えています。でも、それも魅力の一部です。大きな存在感を持つ大きなボタン。自信のあるボタン。待つことのできるボタン。そして、赤いです。とても赤いです。深く赤いです。否定できないほど赤いです。隠れようとしない種類の赤です。自分が何色なのか、よく知っている種類の赤です。大きな赤いボタン。とてもボタンらしく存在しています。しかも、とても赤いやり方で、時々、そのボタンが点滅することに気づくかもしれません。ほんの少しだけです。優しい点滅です。ためでもありません。潜力をかける利用可能で、時々点滅して、まるでこう言っているようです。こんにちは、どうぞ。私は、大きな赤いボタンです。押したいなら、押せます。押したくないなら、それも構いません。構いません。それ以上に、構いません。むしろ、素晴らしいくらいです。そして、もし押したいなら、今押しても構いません。後で押しても構いません。全く押さなくても構いません。この研究の間、ずっと何もしないで座っていても構いません。その選択は尊重されます。ここにいることに、間違った方法はありません。あるのは、あなたの方法だけです。ですからどうぞ、時間をかけてください。大きな赤いボタンを見てください。あるいは、見なくても構いません。押すことについて、考えてください。あるいは、考えなくても構いません。点滅を待っても構いません。待たなくても構いません。押したいなら押してください。押したくないなら、ただ座っていてください。静かに、穏やかに、完璧に、その間にも大きな赤いボタンは、大きくあり続けます。そして、時々点滅し続けます。そして、どこかの時点で押したいと思ったなら、大きな赤いボタンを押しても構いません。あるいは、押さなくても構いません。それはあなた次第です。完全にあなた次第です。あなた自身のタイミングで、,"Hello and welcome. Thank you for being here. You are already doing very well. There is nothing you need to prove or achieve; simply being here is enough. You may take all the time you need. If at any point you want to, you may press the big red button, but only if you want to. There is no pressure, and you never have to press it. Doing nothing, sitting quietly, looking around, and breathing are all valid choices.
The button is very big, noticeably big, almost surprisingly big, larger than a button needs to be, and that is part of its charm. It has presence and patience. It is red, deeply and undeniably red, the kind of red that knows what it is. From time to time it may blink gently, not to rush or pressure you, only to remind you that it is there. It is big, red, available, and occasionally blinking, as if saying hello, I am the big red button.
You may press it now, later, or not at all. There is no wrong way to be here; there is only your way. Take your time, look at the button or do not, think about pressing it or do not, wait for a blink or do not. If you want to press it, press it; if you do not, sit peacefully, gently, perfectly, while the button continues being big, red, and occasionally blinking. In your own time, it is entirely up to you.","../audio-assets/localized/transcripts/ja_jp/aud_0100_condition_1_instructions__ja_jp.script.txt
../audio-assets/localized/transcripts/ja_jp/aud_0100_condition_1_instructions__ja_jp.transcript.json
../audio-assets/localized/transcripts/ja_jp/aud_0100_condition_1_instructions__ja_jp.backtranslation.txt",elevenlabs,IVxgxz5EgbHtWNcgBjOV,eleven_v3,ja,mp3_44100_128,mixed,2026-06-12T16:43:09.5168470+02:00,"Edit audio-assets/localized/transcripts/ja_jp/aud_0100_condition_1_instructions__ja_jp.script.txt; generate Japanese speech with ElevenLabs, then time-fit/mix with tools/mix-japanese-condition-audio.ps1 -AudioId aud_0100 -SpeechPath <generated-speech>; update manifest and transcribe.","app/src/main/java/org/bigredbutton/firststudy/BigRedButtonStudyActivity.kt:1851,1884,1911,6937,6940"
aud_0110,condition_2_instruction_mix,en-US,English source/fallback,condition_2,condition_2_instruction_mix,speech,yes,yes,Condition 2. The 3D Big Red Button is visible and controller-contact pressing is active for the full second instruction track.,Condition 2 starts only after post-condition-1 questionnaires. Exact audio duration is part of ECG/export validation.,"openConditionAudioAsset(AUDIO_ID_CONDITION_2, CONDITION_2_AUDIO); BRB_CONDITION_START condition=2",assets/first-big-red-button-vr-study-instructions-second-instructions-5-final.mp3,../audio-assets/final/first-big-red-button-vr-study-instructions-second-instructions-5-final.mp3,E52E53640DF5398FEC3DFE328877CBE429EDD3F5D3AB60E5A19FB1C6EBAD48A7,../audio-assets/localized/manifest.json > assets.aud_0110.locales.en-US,../audio-assets/localized/en_us/aud_0110_condition_2_instructions__en_us.mp3,E52E53640DF5398FEC3DFE328877CBE429EDD3F5D3AB60E5A19FB1C6EBAD48A7,../audio-assets/final/first-big-red-button-vr-study-instructions-second-instructions-5-final.mp3,325590,,325590,yes,humor_localize_instruction_preserve,backgroundMusic,"Hello again and welcome again. Thank you for being here for the second time. You are doing wonderfully again already. This is the second instruction for science. We are keeping almost all conditions the same. The same duration, the same word count, the same general arrangement of thoughts, the same button, or as near to the same. As science can manage to keep you blind to what we are actually studying. Because of course, there is a problem. You can only experience the big red button for the first time, once. Still, we ask you to meet it again as if this were the first time. For the second time, there is nothing you need to prove, nothing you need to achieve. You can simply be here, in this room. You are allowed to take your time. And if at any point you would like to, you may press the big red button. Only if you want to. Of course, there is no pressure. You do not have to press it. Not now, not later, not ever. But if you want to, you can press the big red button. You can sit around and do nothing for the whole study. That is completely allowed. Completely up to you. Doing nothing is still doing it correctly. Looking around is a valid choice. And if you want to, you may press the big red button. It is still big, noticeably big. Surprisingly big. Larger than a button really needs to be. But that is part of its charm. A big button with a big presence. And red. Undeniably red. The sort of red that does not hide. The sort of red that knows what it is. A big red button. Being button-like in a red way. And from time to time, you may notice it blinks. A blink. Not to rush you. Not to pressure you. To remind you that it is there. Big red. Available. Blinking every now and then. As if saying, I am the big red button. If you want to press me, you can. And if you do not want to, that is fine. And if you want to, you can press me now or later. Or not at all. Because yes, this is the second instruction. The word count is matched. Still, we ask you to treat the button with first time attention. So please, take your time. Look at the big red button. Or do not. Think about pressing it. Or do not. Press it. If you want to. And if you do not want to. You can sit around. Doing nothing. Peacefully. Gently. Perfectly. While the big red button continues being big and red. And occasionally blinking. And if at some point you decide you want to, you may press the big red button. Or not. That is up to you. Entirely up to you. In your own time.","Hello again and welcome again. Thank you for being here for the second time. You are doing wonderfully again already. This is the second instruction for science. We are keeping almost all conditions the same. The same duration, the same word count, the same general arrangement of thoughts, the same button, or as near to the same. As science can manage to keep you blind to what we are actually studying. Because of course, there is a problem. You can only experience the big red button for the first time, once. Still, we ask you to meet it again as if this were the first time. For the second time, there is nothing you need to prove, nothing you need to achieve. You can simply be here, in this room. You are allowed to take your time. And if at any point you would like to, you may press the big red button. Only if you want to. Of course, there is no pressure. You do not have to press it. Not now, not later, not ever. But if you want to, you can press the big red button. You can sit around and do nothing for the whole study. That is completely allowed. Completely up to you. Doing nothing is still doing it correctly. Looking around is a valid choice. And if you want to, you may press the big red button. It is still big, noticeably big. Surprisingly big. Larger than a button really needs to be. But that is part of its charm. A big button with a big presence. And red. Undeniably red. The sort of red that does not hide. The sort of red that knows what it is. A big red button. Being button-like in a red way. And from time to time, you may notice it blinks. A blink. Not to rush you. Not to pressure you. To remind you that it is there. Big red. Available. Blinking every now and then. As if saying, I am the big red button. If you want to press me, you can. And if you do not want to, that is fine. And if you want to, you can press me now or later. Or not at all. Because yes, this is the second instruction. The word count is matched. Still, we ask you to treat the button with first time attention. So please, take your time. Look at the big red button. Or do not. Think about pressing it. Or do not. Press it. If you want to. And if you do not want to. You can sit around. Doing nothing. Peacefully. Gently. Perfectly. While the big red button continues being big and red. And occasionally blinking. And if at some point you decide you want to, you may press the big red button. Or not. That is up to you. Entirely up to you. In your own time.","Hello again and welcome again. Thank you for being here for the second time. You are doing wonderfully again already. This is the second instruction for science. We are keeping almost all conditions the same. The same duration, the same word count, the same general arrangement of thoughts, the same button, or as near to the same. As science can manage to keep you blind to what we are actually studying. Because of course, there is a problem. You can only experience the big red button for the first time, once. Still, we ask you to meet it again as if this were the first time. For the second time, there is nothing you need to prove, nothing you need to achieve. You can simply be here, in this room. You are allowed to take your time. And if at any point you would like to, you may press the big red button. Only if you want to. Of course, there is no pressure. You do not have to press it. Not now, not later, not ever. But if you want to, you can press the big red button. You can sit around and do nothing for the whole study. That is completely allowed. Completely up to you. Doing nothing is still doing it correctly. Looking around is a valid choice. And if you want to, you may press the big red button. It is still big, noticeably big. Surprisingly big. Larger than a button really needs to be. But that is part of its charm. A big button with a big presence. And red. Undeniably red. The sort of red that does not hide. The sort of red that knows what it is. A big red button. Being button-like in a red way. And from time to time, you may notice it blinks. A blink. Not to rush you. Not to pressure you. To remind you that it is there. Big red. Available. Blinking every now and then. As if saying, I am the big red button. If you want to press me, you can. And if you do not want to, that is fine. And if you want to, you can press me now or later. Or not at all. Because yes, this is the second instruction. The word count is matched. Still, we ask you to treat the button with first time attention. So please, take your time. Look at the big red button. Or do not. Think about pressing it. Or do not. Press it. If you want to. And if you do not want to. You can sit around. Doing nothing. Peacefully. Gently. Perfectly. While the big red button continues being big and red. And occasionally blinking. And if at some point you decide you want to, you may press the big red button. Or not. That is up to you. Entirely up to you. In your own time.",,../audio-assets/localized/transcripts/en_us/aud_0110_condition_2_instructions__en_us.json,,,,,,source,,English is the source/fallback stimulus; preserve byte-for-byte unless study design changes.,"app/src/main/java/org/bigredbutton/firststudy/BigRedButtonStudyActivity.kt:1851,1884,1911,6938,6941"
aud_0110,condition_2_instruction_mix,ja-JP,Japanese localized,condition_2,condition_2_instruction_mix,speech,yes,yes,Condition 2. The 3D Big Red Button is visible and controller-contact pressing is active for the full second instruction track.,Condition 2 starts only after post-condition-1 questionnaires. Exact audio duration is part of ECG/export validation.,"openConditionAudioAsset(AUDIO_ID_CONDITION_2, CONDITION_2_AUDIO); BRB_CONDITION_START condition=2",assets/localized/ja_jp/aud_0110_condition_2_instructions__ja_jp.mp3,../audio-assets/localized/ja_jp/aud_0110_condition_2_instructions__ja_jp.mp3,2F882ACA39BB6355C0A37E172B15F56F21ECF4A758C47117C5EA4A80E27B2C6C,../audio-assets/localized/manifest.json > assets.aud_0110.locales.ja-JP,../audio-assets/localized/ja_jp/aud_0110_condition_2_instructions__ja_jp.mp3,2F882ACA39BB6355C0A37E172B15F56F21ECF4A758C47117C5EA4A80E27B2C6C,,325590,325590,325590,yes,humor_localize_instruction_preserve,backgroundMusic,"Hello again and welcome again. Thank you for being here for the second time. You are doing wonderfully again already. This is the second instruction for science. We are keeping almost all conditions the same. The same duration, the same word count, the same general arrangement of thoughts, the same button, or as near to the same. As science can manage to keep you blind to what we are actually studying. Because of course, there is a problem. You can only experience the big red button for the first time, once. Still, we ask you to meet it again as if this were the first time. For the second time, there is nothing you need to prove, nothing you need to achieve. You can simply be here, in this room. You are allowed to take your time. And if at any point you would like to, you may press the big red button. Only if you want to. Of course, there is no pressure. You do not have to press it. Not now, not later, not ever. But if you want to, you can press the big red button. You can sit around and do nothing for the whole study. That is completely allowed. Completely up to you. Doing nothing is still doing it correctly. Looking around is a valid choice. And if you want to, you may press the big red button. It is still big, noticeably big. Surprisingly big. Larger than a button really needs to be. But that is part of its charm. A big button with a big presence. And red. Undeniably red. The sort of red that does not hide. The sort of red that knows what it is. A big red button. Being button-like in a red way. And from time to time, you may notice it blinks. A blink. Not to rush you. Not to pressure you. To remind you that it is there. Big red. Available. Blinking every now and then. As if saying, I am the big red button. If you want to press me, you can. And if you do not want to, that is fine. And if you want to, you can press me now or later. Or not at all. Because yes, this is the second instruction. The word count is matched. Still, we ask you to treat the button with first time attention. So please, take your time. Look at the big red button. Or do not. Think about pressing it. Or do not. Press it. If you want to. And if you do not want to. You can sit around. Doing nothing. Peacefully. Gently. Perfectly. While the big red button continues being big and red. And occasionally blinking. And if at some point you decide you want to, you may press the big red button. Or not. That is up to you. Entirely up to you. In your own time.","こんにちは、ふたたびようこそ。
二回目として、ここにいてくださってありがとうございます。
あなたは、またしても、もうすでにとても順調です。
これは、科学のための二つ目の説明です。
私たちは、ほとんどすべての条件を同じに保っています。
同じ長さ。
同じような語数。
同じような考えの並び。
同じボタン。
少なくとも、科学が同じにできる範囲では、同じボタンです。
そして科学は、私たちが本当は何を調べているのかを、
あなたにできるだけ見えないようにするために、
かなり真面目な顔をしています。
もちろん、ここには一つ問題があります。
大きな赤いボタンを初めて体験できるのは、
一度だけです。
それでも私たちはお願いしています。
どうか、二回目であるにもかかわらず、
まるで一回目であるかのように、
このボタンに出会ってください。
二回目として、
証明しなければならないことは何もありません。
達成しなければならないことも何もありません。
ただここにいるだけで大丈夫です。
この部屋の中で、時間をかけてかまいません。
そして、もしどこかの時点で、そうしたいと思ったなら、
大きな赤いボタンを押してもかまいません。
押したい場合だけです。
もちろん、圧力はありません。
押さなくても大丈夫です。
今も、あとでも、永遠に押さなくても、大丈夫です。
でも、もし押したいなら、
大きな赤いボタンを押すことができます。
研究のあいだ、座って何もしなくてもかまいません。
それは完全に許可されています。
完全にあなた次第です。
何もしないことも、正しく参加していることになります。
あたりを見ることも、有効な選択です。
そして、もし押したいと思ったなら、
大きな赤いボタンを押してもかまいません。
それは今もなお、大きいです。
はっきり大きいです。
驚くほど大きいです。
ボタンとして必要な大きさを、やはり少し超えています。
でも、それも魅力の一部です。
大きな存在感をもつ、大きなボタンです。
そして赤いです。
否定できないほど赤いです。
隠れようとしない種類の赤です。
自分が何色なのかを、よく知っている種類の赤です。
大きな赤いボタン。
赤いやり方で、ボタンらしく存在しています。
ときどき、そのボタンが点滅することに気づくかもしれません。
点滅です。
急がせるためではありません。
圧力をかけるためでもありません。
ただ、そこにいることを思い出してもらうためです。
大きく。
赤く。
利用可能で。
ときどき点滅して。
まるで、こう言っているようです。
私は、大きな赤いボタンです。
押したいなら、押せます。
押したくないなら、それもかまいません。
そして、もし押したいなら、今押してもかまいません。
あとで押してもかまいません。
まったく押さなくてもかまいません。
なぜなら、そうです。
これは二つ目の説明です。
語数は合わせてあります。
かなり慎重に。
少なくとも、合わせているつもりです。
それでも私たちは、
あなたに、初めてのときの注意で、
このボタンに向き合ってほしいのです。
ですから、どうぞ、時間をかけてください。
大きな赤いボタンを見てください。
あるいは、見なくてもかまいません。
押すことについて考えてください。
あるいは、考えなくてもかまいません。
押してください。
押したいなら。
そして、押したくないなら、
座っていてかまいません。
何もしなくてかまいません。
静かに。
おだやかに。
完璧に。
そのあいだにも、大きな赤いボタンは、
大きく、赤くあり続けます。
そして、ときどき点滅し続けます。
そして、どこかの時点で、押したいと思ったなら、
大きな赤いボタンを押してもかまいません。
あるいは、押さなくてもかまいません。
それはあなた次第です。
完全に、あなた次第です。
あなた自身のタイミングで。",こんにちは、再びようこそ 二回目としてここにいてくださってありがとうございますあなたはまたしてももうすでにとても順調です これは科学のための二つ目の説明です私たちはほとんどすべての条件を同じに保っています 同じ長さ同じような互数 同じような考えの並び 同じボタン少なくとも科学が同じにできる範囲では同じボタンです そして科学は私たちが本当は何を調べているのかをあなたにできるだけ見えないようにするために かなり真面目な顔をしていますもちろんここには一つ問題があります 大きな赤いボタンを初めて体験できるのは一度だけです それでも私たちはお願いしていますどうか二回目であるにもかかわらず まるで一回目であるかのようにこのボタンに出会ってください 二回目として証明しなければならないことは何もありません達成しなければならないことも何もありません ただここにいるだけで大丈夫ですこの部屋の中で時間をかけて構いません そしてもしどこかの時点でそうしたいと思ったなら大きな赤いボタンを押しても構いません 押したい場合だけですもちろん圧力はありません 押さなくても大丈夫です今も後でも永遠に押さなくても大丈夫ですでももし押したいなら大きな赤いボタンを押すことができます 研究の間座って何もしなくても構いませんそれは完全に許可されています 完全にあなた次第です何もしないことも正しく参加していることになります 辺りを見ることも有効な選択ですそしてもし押したいと思ったなら 大きな赤いボタンを押しても構いませんそれは今もなお大きいです はっきり大きいです驚くほど大きいです ボタンとして必要な大きさをやはり少し超えていますでもそれも魅力の一部です 大きな存在感を持つ大きなボタンです そして赤いです否定できないほど赤いです 隠れようとしない種類の赤です自分が何色なのかをよく知っている種類の赤です 大きな赤いボタン赤いやり方でボタンらしく存在しています 時々そのボタンが点滅することに気づくかもしれません点滅です 急がせるためではありません圧力をかけるためでもありません ただそこにいることを思い出してもらうためです大きく赤く 利用可能で時々点滅してまるでこう言っているようです 私は大きな赤いボタンです押したいなら押せます 押したくないならそれも構いませんそしてもし押したいなら今押しても構いません 後で押しても構いません全く押さなくても構いません なぜならそうですこれは2つ目の説明です ご数は合わせてありますかなり慎重に 少なくとも合わせているつもりですそれでも私たちはあなたに初めての時の注意で このボタンに向き合ってほしいのですですからどうぞ時間をかけてください 大きな赤いボタンを見てくださいあるいは見なくても構いません 押すことについて考えてくださいあるいは考えなくても構いません 押してください押したいならそして押したくないなら 座っていていて構いません何もしなくて構いません 静かに穏やかに完璧にその間にも大きな赤いボタンは 大きく赤くあり続けますそして時々点滅し続けます そしてどこかの時点で押したいと思ったなら大きな赤いボタンを押しても構いません あるいは押さなくても構いませんそして安全にあなた次第です 完全にあなた次第ですあなた自身のタイミングで,"Hello again and welcome again. Thank you for being here for the second time. You are once again already doing very well. This is the second instruction for science. Almost all conditions are being kept the same: the same length, similar word count, similar arrangement of thoughts, and the same button, at least as far as science can manage while keeping you blind to what is really being studied.
The problem, of course, is that one can only experience the big red button for the first time once. Still, you are asked to meet it again as if it were the first time. For the second time, there is nothing you need to prove or achieve. You may simply be here and take your time. If you want to, you may press the big red button, but only if you want to; there is no pressure, and you do not need to press it now, later, or ever.
Doing nothing is still correct. The button remains big, surprisingly big, and red in a way that knows itself. It may blink from time to time, not to rush you but to remind you it is there. This is the second instruction; the word count is matched, or at least science is trying. Please treat the button with first-time attention. Look or do not look, think about pressing or do not, press if you want to, or sit quietly and do nothing. It remains entirely up to you, in your own time.","../audio-assets/localized/transcripts/ja_jp/aud_0110_condition_2_instructions__ja_jp.script.txt
../audio-assets/localized/transcripts/ja_jp/aud_0110_condition_2_instructions__ja_jp.transcript.json
../audio-assets/localized/transcripts/ja_jp/aud_0110_condition_2_instructions__ja_jp.backtranslation.txt",elevenlabs,IVxgxz5EgbHtWNcgBjOV,eleven_v3,ja,mp3_44100_128,mixed,2026-06-12T16:43:09.5168470+02:00,"Edit audio-assets/localized/transcripts/ja_jp/aud_0110_condition_2_instructions__ja_jp.script.txt; generate Japanese speech with ElevenLabs, then time-fit/mix with tools/mix-japanese-condition-audio.ps1 -AudioId aud_0110 -SpeechPath <generated-speech>; update manifest and transcribe.","app/src/main/java/org/bigredbutton/firststudy/BigRedButtonStudyActivity.kt:1851,1884,1911,6938,6941"
aud_0200,prior_button_experience_question,en-US,English source/fallback,prior_big_red_button_experience,question_prompt,speech,yes,yes,"One-time prior Big Red Button experience prompt after demographics and before condition 1, shown in the transparent counter/button location while the 3D button/collider remain hidden.",Yes/No options stay hidden until the question clip completes; prompt occurs only once before condition 1.,"playLocalizedRawOrAssetCue(AUDIO_ID_PRIOR_QUESTION, R.raw.prior_button_experience_question, ...); BRB_PRIOR_BUTTON_EXPERIENCE_QUESTION_CUE",R.raw.prior_button_experience_question,app/src/main/res/raw/prior_button_experience_question.mp3,735ACE7698E8D085A693B29FB231A21718E364FE61F09B643EA03C37F80FDCFB,../audio-assets/localized/manifest.json > assets.aud_0200.locales.en-US,../audio-assets/localized/en_us/aud_0200_prior_experience_question__en_us.mp3,735ACE7698E8D085A693B29FB231A21718E364FE61F09B643EA03C37F80FDCFB,,10527,,10527,no,humor_localize,,"Oh wait, we have just one more question: Do you have any experience with pressing big red buttons?","Oh wait, we have just one more question: Do you have any experience with pressing big red buttons?",,,,,,,,,source,,English is the source/fallback stimulus; preserve byte-for-byte unless study design changes.,"app/src/main/java/org/bigredbutton/firststudy/BigRedButtonStudyActivity.kt:5539,5636,5640,5642,6942"
aud_0200,prior_button_experience_question,ja-JP,Japanese localized,prior_big_red_button_experience,question_prompt,speech,yes,yes,"One-time prior Big Red Button experience prompt after demographics and before condition 1, shown in the transparent counter/button location while the 3D button/collider remain hidden.",Yes/No options stay hidden until the question clip completes; prompt occurs only once before condition 1.,"playLocalizedRawOrAssetCue(AUDIO_ID_PRIOR_QUESTION, R.raw.prior_button_experience_question, ...); BRB_PRIOR_BUTTON_EXPERIENCE_QUESTION_CUE",assets/localized/ja_jp/aud_0200_prior_experience_question__ja_jp.mp3,../audio-assets/localized/ja_jp/aud_0200_prior_experience_question__ja_jp.mp3,38331A0A49953FAD513F801547EE2A1336E57B57B73892AD6DFA08320B941F6D,../audio-assets/localized/manifest.json > assets.aud_0200.locales.ja-JP,../audio-assets/localized/ja_jp/aud_0200_prior_experience_question__ja_jp.mp3,38331A0A49953FAD513F801547EE2A1336E57B57B73892AD6DFA08320B941F6D,,10449,10449,10527,no,humor_localize,,"Oh wait, we have just one more question: Do you have any experience with pressing big red buttons?",あ、待ってください。最後にもう一つだけ質問があります。大きな赤いボタンを押した経験はありますか？,あ、待ってください最後にもう一つだけ質問があります大きな赤いボタンを押した経験はありますか?,"Oh, wait. There is just one final question. Do you have any experience pressing big red buttons?","../audio-assets/localized/transcripts/ja_jp/aud_0200_prior_experience_question__ja_jp.script.txt
../audio-assets/localized/transcripts/ja_jp/aud_0200_prior_experience_question__ja_jp.json
../audio-assets/localized/transcripts/ja_jp/aud_0200_prior_experience_question__ja_jp.backtranslation.txt",elevenlabs,IVxgxz5EgbHtWNcgBjOV,eleven_v3,ja,mp3_44100_128,generated,2026-06-12T16:43:09.5168470+02:00,Edit audio-assets/localized/transcripts/ja_jp/aud_0200_prior_experience_question__ja_jp.script.txt; run tools/new-elevenlabs-japanese-audio.ps1 -AudioId aud_0200 -KeyPath <key-file>; then update manifest and transcribe.,"app/src/main/java/org/bigredbutton/firststudy/BigRedButtonStudyActivity.kt:5539,5636,5640,5642,6942"
aud_0210,prior_button_experience_yes,en-US,English source/fallback,prior_big_red_button_experience,yes_feedback,speech,yes,yes,Prior Big Red Button experience prompt; plays after the participant selects Yes.,"After completion, the app waits through the logged 4 second pause before pre-start instructions; the Start experiment control remains hidden.",playPriorButtonExperienceFeedbackCue(...); BRB_PRIOR_BUTTON_EXPERIENCE_FEEDBACK_CUE answer=yes,R.raw.prior_button_experience_yes,app/src/main/res/raw/prior_button_experience_yes.mp3,3867345F273BE83B7AB769961286A90F4E22EAA48730CA0B31C13BEEAA21DFEE,../audio-assets/localized/manifest.json > assets.aud_0210.locales.en-US,../audio-assets/localized/en_us/aud_0210_prior_experience_yes_feedback__en_us.mp3,3867345F273BE83B7AB769961286A90F4E22EAA48730CA0B31C13BEEAA21DFEE,,5251,,5251,no,humor_localize,,"An experienced user, just the type of participant we need.","An experienced user, just the type of participant we need.",,,,,,,,,source,,English is the source/fallback stimulus; preserve byte-for-byte unless study design changes.,"app/src/main/java/org/bigredbutton/firststudy/BigRedButtonStudyActivity.kt:5668,5674,5690,5696,5718,6943"
aud_0210,prior_button_experience_yes,ja-JP,Japanese localized,prior_big_red_button_experience,yes_feedback,speech,yes,yes,Prior Big Red Button experience prompt; plays after the participant selects Yes.,"After completion, the app waits through the logged 4 second pause before pre-start instructions; the Start experiment control remains hidden.",playPriorButtonExperienceFeedbackCue(...); BRB_PRIOR_BUTTON_EXPERIENCE_FEEDBACK_CUE answer=yes,assets/localized/ja_jp/aud_0210_prior_experience_yes_feedback__ja_jp.mp3,../audio-assets/localized/ja_jp/aud_0210_prior_experience_yes_feedback__ja_jp.mp3,C310E9600C57488089CF4F66DF621CC01527A17AB6BD09D3D1D56AAFAD29540A,../audio-assets/localized/manifest.json > assets.aud_0210.locales.ja-JP,../audio-assets/localized/ja_jp/aud_0210_prior_experience_yes_feedback__ja_jp.mp3,C310E9600C57488089CF4F66DF621CC01527A17AB6BD09D3D1D56AAFAD29540A,,8281,8281,5251,no,humor_localize,,"An experienced user, just the type of participant we need.",経験者ですね。まさに我々が必要としていた参加者です。,経験者ですねまさに我々が必要としていた参加者です,An experienced user. Exactly the kind of participant we need.,"../audio-assets/localized/transcripts/ja_jp/aud_0210_prior_experience_yes_feedback__ja_jp.script.txt
../audio-assets/localized/transcripts/ja_jp/aud_0210_prior_experience_yes_feedback__ja_jp.json
../audio-assets/localized/transcripts/ja_jp/aud_0210_prior_experience_yes_feedback__ja_jp.backtranslation.txt",elevenlabs,IVxgxz5EgbHtWNcgBjOV,eleven_v3,ja,mp3_44100_128,generated,2026-06-12T16:43:09.5168470+02:00,Edit audio-assets/localized/transcripts/ja_jp/aud_0210_prior_experience_yes_feedback__ja_jp.script.txt; run tools/new-elevenlabs-japanese-audio.ps1 -AudioId aud_0210 -KeyPath <key-file>; then update manifest and transcribe.,"app/src/main/java/org/bigredbutton/firststudy/BigRedButtonStudyActivity.kt:5668,5674,5690,5696,5718,6943"
aud_0220,prior_button_experience_no,en-US,English source/fallback,prior_big_red_button_experience,no_feedback,speech,yes,yes,Prior Big Red Button experience prompt; plays after the participant selects No.,"After completion, the app waits through the logged 4 second pause before pre-start instructions; the Start experiment control remains hidden.",playPriorButtonExperienceFeedbackCue(...); BRB_PRIOR_BUTTON_EXPERIENCE_FEEDBACK_CUE answer=no,R.raw.prior_button_experience_no,app/src/main/res/raw/prior_button_experience_no.mp3,30BE2B59158189DF8EFC7F2DFD1B4BD9CABDFC13400EE6F79227CFE0D2F508E9,../audio-assets/localized/manifest.json > assets.aud_0220.locales.en-US,../audio-assets/localized/en_us/aud_0220_prior_experience_no_feedback__en_us.mp3,30BE2B59158189DF8EFC7F2DFD1B4BD9CABDFC13400EE6F79227CFE0D2F508E9,,4284,,4284,no,humor_localize,,No? Well than you are in for a treat!,No? Well than you are in for a treat!,,,,,,,,,source,,English is the source/fallback stimulus; preserve byte-for-byte unless study design changes.,"app/src/main/java/org/bigredbutton/firststudy/BigRedButtonStudyActivity.kt:5670,5676,5690,5696,5718,6944"
aud_0220,prior_button_experience_no,ja-JP,Japanese localized,prior_big_red_button_experience,no_feedback,speech,yes,yes,Prior Big Red Button experience prompt; plays after the participant selects No.,"After completion, the app waits through the logged 4 second pause before pre-start instructions; the Start experiment control remains hidden.",playPriorButtonExperienceFeedbackCue(...); BRB_PRIOR_BUTTON_EXPERIENCE_FEEDBACK_CUE answer=no,assets/localized/ja_jp/aud_0220_prior_experience_no_feedback__ja_jp.mp3,../audio-assets/localized/ja_jp/aud_0220_prior_experience_no_feedback__ja_jp.mp3,7CE67F9A646230E79E54F1CB8C199ECA0B068D05963E7452FD8FC053F2F7DEC7,../audio-assets/localized/manifest.json > assets.aud_0220.locales.ja-JP,../audio-assets/localized/ja_jp/aud_0220_prior_experience_no_feedback__ja_jp.mp3,7CE67F9A646230E79E54F1CB8C199ECA0B068D05963E7452FD8FC053F2F7DEC7,,5146,5146,4284,no,humor_localize,,No? Well than you are in for a treat!,ない？それなら、かなり楽しいことになりますよ。,ない? それならかなり楽しいことになりますよ,No? Then you are in for a treat.,"../audio-assets/localized/transcripts/ja_jp/aud_0220_prior_experience_no_feedback__ja_jp.script.txt
../audio-assets/localized/transcripts/ja_jp/aud_0220_prior_experience_no_feedback__ja_jp.json
../audio-assets/localized/transcripts/ja_jp/aud_0220_prior_experience_no_feedback__ja_jp.backtranslation.txt",elevenlabs,IVxgxz5EgbHtWNcgBjOV,eleven_v3,ja,mp3_44100_128,generated,2026-06-12T16:43:09.5168470+02:00,Edit audio-assets/localized/transcripts/ja_jp/aud_0220_prior_experience_no_feedback__ja_jp.script.txt; run tools/new-elevenlabs-japanese-audio.ps1 -AudioId aud_0220 -KeyPath <key-file>; then update manifest and transcribe.,"app/src/main/java/org/bigredbutton/firststudy/BigRedButtonStudyActivity.kt:5670,5676,5690,5696,5718,6944"
aud_0230,pre_start_instructions,en-US,English source/fallback,prior_big_red_button_experience,pre_start_instructions,speech,yes,yes,Prior Big Red Button experience gate; plays after selected feedback plus the 4 second pause and before Start experiment appears.,Start experiment remains hidden until this clip completes.,"playLocalizedRawOrAssetCue(AUDIO_ID_PRE_START, R.raw.pre_start_instructions, ...); BRB_PRIOR_BUTTON_EXPERIENCE_PRE_START_CUE",R.raw.pre_start_instructions,app/src/main/res/raw/pre_start_instructions.mp3,82E4F551785BF893D3686258F8072E3F46B8B4BF675CD21898BD790C70C13C27,../audio-assets/localized/manifest.json > assets.aud_0230.locales.en-US,../audio-assets/localized/en_us/aud_0230_pre_start_instructions__en_us.mp3,82E4F551785BF893D3686258F8072E3F46B8B4BF675CD21898BD790C70C13C27,,34273,,34273,no,instruction_literal,,"Well then, consider this as your onboarding instruction. You may practice the ancient art of button pressing. By the way, did you know that the first electric push buttons were invented around the 1880s to operate domestic devices? Ah, but this getting a bit off topic. Where were we? Oh yes. You may practice the ancient art of button pressing before the experiment, by pressing the start experiment button. Enjoy.","Well then, consider this as your onboarding instruction. You may practice the ancient art of button pressing. By the way, did you know that the first electric push buttons were invented around the 1880s to operate domestic devices? Ah, but this getting a bit off topic. Where were we? Oh yes. You may practice the ancient art of button pressing before the experiment, by pressing the start experiment button. Enjoy.","Well then, consider this as your onboarding instruction. You may practice the ancient art of button pressing. By the way, did you know that the first electric push buttons were invented around the 1880s to operate domestic devices? Ah, but this getting a bit off topic. Where were we? Oh yes. You may practice the ancient art of button pressing before the experiment, by pressing the start experiment button. Enjoy.",,../audio-assets/localized/transcripts/en_us/aud_0230_pre_start_instructions__en_us.json,,,,,,source,,English is the source/fallback stimulus; preserve byte-for-byte unless study design changes.,"app/src/main/java/org/bigredbutton/firststudy/BigRedButtonStudyActivity.kt:5722,5738,5743,5747,5749,5773,6945"
aud_0230,pre_start_instructions,ja-JP,Japanese localized,prior_big_red_button_experience,pre_start_instructions,speech,yes,yes,Prior Big Red Button experience gate; plays after selected feedback plus the 4 second pause and before Start experiment appears.,Start experiment remains hidden until this clip completes.,"playLocalizedRawOrAssetCue(AUDIO_ID_PRE_START, R.raw.pre_start_instructions, ...); BRB_PRIOR_BUTTON_EXPERIENCE_PRE_START_CUE",assets/localized/ja_jp/aud_0230_pre_start_instructions__ja_jp.mp3,../audio-assets/localized/ja_jp/aud_0230_pre_start_instructions__ja_jp.mp3,E7C1F1DAB3F0129A907B1EC92CD02590A3536CC38C1858E47B9A81BD52E86FE2,../audio-assets/localized/manifest.json > assets.aud_0230.locales.ja-JP,../audio-assets/localized/ja_jp/aud_0230_pre_start_instructions__ja_jp.mp3,E7C1F1DAB3F0129A907B1EC92CD02590A3536CC38C1858E47B9A81BD52E86FE2,,47804,47804,34273,no,instruction_literal,,"Well then, consider this as your onboarding instruction. You may practice the ancient art of button pressing. By the way, did you know that the first electric push buttons were invented around the 1880s to operate domestic devices? Ah, but this getting a bit off topic. Where were we? Oh yes. You may practice the ancient art of button pressing before the experiment, by pressing the start experiment button. Enjoy.",それでは、これをオンボーディング説明だと思ってください。あなたは、ボタン押しという古代の技を練習できます。ところで、最初の電気式押しボタンは家庭用機器を操作するために1880年代ごろに発明されたことをご存じでしたか。あ、少し話がそれましたね。どこまで話しましたっけ。そうでした。実験の前に「実験を開始」ボタンを押して、ボタン押しという古代の技を練習できます。どうぞお楽しみください。,それではこれをオンボーディング説明だと思ってくださいあなたはボタン押しという古代の技を練習できますところで最初の電気式押しボタンは家庭用機器を操作するために1880年代頃に発明されたことをご存知でしたかあ、少し話がそれましたねどこまで話しましたっけそうでした実験の前に実験を開始ボタンを押してボタン押しという古代の技を練習できますどうぞお楽しみください,"Think of this as your onboarding instruction. You may practice the ancient art of button pressing. As an aside, did you know that the first electric push buttons were invented around the 1880s to operate household devices? That is a little off topic. Before the experiment, press the Start experiment button and practice the ancient art of button pressing. Enjoy.","../audio-assets/localized/transcripts/ja_jp/aud_0230_pre_start_instructions__ja_jp.script.txt
../audio-assets/localized/transcripts/ja_jp/aud_0230_pre_start_instructions__ja_jp.json
../audio-assets/localized/transcripts/ja_jp/aud_0230_pre_start_instructions__ja_jp.backtranslation.txt",elevenlabs,IVxgxz5EgbHtWNcgBjOV,eleven_v3,ja,mp3_44100_128,generated,2026-06-12T16:43:09.5168470+02:00,Edit audio-assets/localized/transcripts/ja_jp/aud_0230_pre_start_instructions__ja_jp.script.txt; run tools/new-elevenlabs-japanese-audio.ps1 -AudioId aud_0230 -KeyPath <key-file>; then update manifest and transcribe.,"app/src/main/java/org/bigredbutton/firststudy/BigRedButtonStudyActivity.kt:5722,5738,5743,5747,5749,5773,6945"
aud_0300,first_questionnaire_change,en-US,English source/fallback,redness_changeover,vas_to_likert_changeover,speech,yes,yes,Post-condition-1 Button Experience redness item; plays after the first VAS redness answer and converts VAS to seven Likert boxes.,Save remains blocked during participant-facing changeover. Micro-events are transcript-timed; qkv may shortcut with explicit validationShortcut=true.,playRednessScaleConversionCue(vas_then_likert); BRB_REDNESS_SCALE_CONVERSION_CUE; BRB_REDNESS_SCALE_CONVERSION_MICRO_EVENT,R.raw.first_questionnaire_change,app/src/main/res/raw/first_questionnaire_change.mp3,F49538CB8B41959C95B760F6A7CF5B63D2BDC9D979C40739A10DA2AAED50570D,../audio-assets/localized/manifest.json > assets.aud_0300.locales.en-US,../audio-assets/localized/en_us/aud_0300_redness_vas_to_likert_changeover__en_us.mp3,F49538CB8B41959C95B760F6A7CF5B63D2BDC9D979C40739A10DA2AAED50570D,,22988,,22988,no,humor_localize_psychometric_context,,"Uh, actually I just had a talk with my supervisor, he really wants this question-air item to be a like-ert scale for some reason. Must have been validated that way. Well, you already answered it, but let's just change it anyway. I'm sure it won't change the end result.","Uh, actually I just had a talk with my supervisor, he really wants this question-air item to be a like-ert scale for some reason. Must have been validated that way. Well, you already answered it, but let's just change it anyway. I'm sure it won't change the end result.","Uh, actually I just had a talk with my supervisor, he really wants this question-air item to be a like-ert scale for some reason. Must have been validated that way. Well, you already answered it, but let's just change it anyway. I'm sure it won't change the end result.",,../audio-assets/localized/transcripts/en_us/aud_0300_redness_vas_to_likert_changeover__en_us.json,,,,,,source,,English is the source/fallback stimulus; preserve byte-for-byte unless study design changes.,"app/src/main/java/org/bigredbutton/firststudy/BigRedButtonStudyActivity.kt:1334,1442,1453,5851,5855,5857,6946"
aud_0300,first_questionnaire_change,ja-JP,Japanese localized,redness_changeover,vas_to_likert_changeover,speech,yes,yes,Post-condition-1 Button Experience redness item; plays after the first VAS redness answer and converts VAS to seven Likert boxes.,Save remains blocked during participant-facing changeover. Micro-events are transcript-timed; qkv may shortcut with explicit validationShortcut=true.,playRednessScaleConversionCue(vas_then_likert); BRB_REDNESS_SCALE_CONVERSION_CUE; BRB_REDNESS_SCALE_CONVERSION_MICRO_EVENT,assets/localized/ja_jp/aud_0300_redness_vas_to_likert_changeover__ja_jp.mp3,../audio-assets/localized/ja_jp/aud_0300_redness_vas_to_likert_changeover__ja_jp.mp3,303A5FFD3ACD8171B1CEA34E552C108FAB3872BCF828C25A8E4154D8E83190D7,../audio-assets/localized/manifest.json > assets.aud_0300.locales.ja-JP,../audio-assets/localized/ja_jp/aud_0300_redness_vas_to_likert_changeover__ja_jp.mp3,303A5FFD3ACD8171B1CEA34E552C108FAB3872BCF828C25A8E4154D8E83190D7,,23327,23327,22988,no,humor_localize_psychometric_context,,"Uh, actually I just had a talk with my supervisor, he really wants this question-air item to be a like-ert scale for some reason. Must have been validated that way. Well, you already answered it, but let's just change it anyway. I'm sure it won't change the end result.",あ、実は今、監督者と話したんですが、どういうわけか彼はこの質問票項目をリッカート尺度にしてほしいそうです。たぶん、その形式で妥当性が確認されているんでしょう。まあ、あなたはもう答えてしまったのですが、とりあえず変えてしまいましょう。最終結果は変わらないはずです。,あ、実は今、監督者と話したんですが、どういうわけか彼はこの質問標項目をリッカート尺度にしてほしいそうです。多分、その形式で妥当性が確認されているんでしょう。まあ、あなたはもう答えてしまったのですが、とりあえず変えてしまいましょう。最終結果は変わらないはずです。,"Actually, I just spoke with my supervisor, and for some reason he really wants this questionnaire item to be a Likert scale. It must have been validated that way. You already answered it, but we will change it anyway. Surely it will not change the final result.","../audio-assets/localized/transcripts/ja_jp/aud_0300_redness_vas_to_likert_changeover__ja_jp.script.txt
../audio-assets/localized/transcripts/ja_jp/aud_0300_redness_vas_to_likert_changeover__ja_jp.json
../audio-assets/localized/transcripts/ja_jp/aud_0300_redness_vas_to_likert_changeover__ja_jp.backtranslation.txt",elevenlabs,IVxgxz5EgbHtWNcgBjOV,eleven_v3,ja,mp3_44100_128,generated,2026-06-12T16:43:09.5168470+02:00,Edit audio-assets/localized/transcripts/ja_jp/aud_0300_redness_vas_to_likert_changeover__ja_jp.script.txt; run tools/new-elevenlabs-japanese-audio.ps1 -AudioId aud_0300 -KeyPath <key-file>; then update manifest and transcribe.,"app/src/main/java/org/bigredbutton/firststudy/BigRedButtonStudyActivity.kt:1334,1442,1453,5851,5855,5857,6946"
aud_0310,second_questionnaire_change_excuse,en-US,English source/fallback,redness_changeover,likert_to_vas_changeover,speech,yes,yes,Post-condition-2 Button Experience redness item; plays after the first Likert redness answer and converts Likert boxes back to VAS.,Save remains blocked during participant-facing changeover. Micro-events are transcript-timed; qkv may shortcut with explicit validationShortcut=true.,playRednessScaleConversionCue(likert_then_vas); BRB_REDNESS_SCALE_CONVERSION_CUE; BRB_REDNESS_SCALE_CONVERSION_MICRO_EVENT,R.raw.second_questionnaire_change_excuse,app/src/main/res/raw/second_questionnaire_change_excuse.mp3,E008B68E8C158A4CD86D89E695A38AB8FC71573F1507051EEBDCFB1C7C796CDC,../audio-assets/localized/manifest.json > assets.aud_0310.locales.en-US,../audio-assets/localized/en_us/aud_0310_redness_likert_to_vas_changeover__en_us.mp3,E008B68E8C158A4CD86D89E695A38AB8FC71573F1507051EEBDCFB1C7C796CDC,,16771,,16771,no,humor_localize_psychometric_context,,"Right, so apparently it's not professional to swap experimental designs right in the middle of an experiment. So let's just turn this back into a visual analogue scale and pretend it never happened. Your data is very important to us. We wouldn't want to massage it the wrong way.","Right, so apparently it's not professional to swap experimental designs right in the middle of an experiment. So let's just turn this back into a visual analogue scale and pretend it never happened. Your data is very important to us. We wouldn't want to massage it the wrong way.","Right, so apparently it's not professional to swap experimental designs right in the middle of an experiment. So let's just turn this back into a visual analogue scale and pretend it never happened. Your data is very important to us. We wouldn't want to massage it the wrong way.",,../audio-assets/localized/transcripts/en_us/aud_0310_redness_likert_to_vas_changeover__en_us.json,,,,,,source,,English is the source/fallback stimulus; preserve byte-for-byte unless study design changes.,"app/src/main/java/org/bigredbutton/firststudy/BigRedButtonStudyActivity.kt:1355,1442,1453,5866,5869,5871,6947"
aud_0310,second_questionnaire_change_excuse,ja-JP,Japanese localized,redness_changeover,likert_to_vas_changeover,speech,yes,yes,Post-condition-2 Button Experience redness item; plays after the first Likert redness answer and converts Likert boxes back to VAS.,Save remains blocked during participant-facing changeover. Micro-events are transcript-timed; qkv may shortcut with explicit validationShortcut=true.,playRednessScaleConversionCue(likert_then_vas); BRB_REDNESS_SCALE_CONVERSION_CUE; BRB_REDNESS_SCALE_CONVERSION_MICRO_EVENT,assets/localized/ja_jp/aud_0310_redness_likert_to_vas_changeover__ja_jp.mp3,../audio-assets/localized/ja_jp/aud_0310_redness_likert_to_vas_changeover__ja_jp.mp3,E3354D39EC4323DD90916DACF23B668ED3F2D0BC3CBAB77941F26376D07FDD90,../audio-assets/localized/manifest.json > assets.aud_0310.locales.ja-JP,../audio-assets/localized/ja_jp/aud_0310_redness_likert_to_vas_changeover__ja_jp.mp3,E3354D39EC4323DD90916DACF23B668ED3F2D0BC3CBAB77941F26376D07FDD90,,27559,27559,16771,no,humor_localize_psychometric_context,,"Right, so apparently it's not professional to swap experimental designs right in the middle of an experiment. So let's just turn this back into a visual analogue scale and pretend it never happened. Your data is very important to us. We wouldn't want to massage it the wrong way.",はい、どうやら実験デザインを実験の真ん中で入れ替えるのは、あまり専門的ではないそうです。なので、これを視覚アナログ尺度に戻して、何も起きなかったことにしましょう。あなたのデータは私たちにとって非常に重要です。間違った方向にもみほぐしたくはありませんから。,はい、どうやら実験デザインを実験の真ん中で入れ替えるのはあまり専門的ではないそうですなのでこれを四角アナログ尺度に戻して何も起きなかったことにしましょうあなたのデータは私たちにとって非常に重要です間違った方向にもみほぐしたくはありませんから,"Apparently it is not professional to swap experimental designs in the middle of an experiment. Let us turn this back into a visual analogue scale and pretend it never happened. Your data is very important to us, and we would not want to massage it in the wrong direction.","../audio-assets/localized/transcripts/ja_jp/aud_0310_redness_likert_to_vas_changeover__ja_jp.script.txt
../audio-assets/localized/transcripts/ja_jp/aud_0310_redness_likert_to_vas_changeover__ja_jp.json
../audio-assets/localized/transcripts/ja_jp/aud_0310_redness_likert_to_vas_changeover__ja_jp.backtranslation.txt",elevenlabs,IVxgxz5EgbHtWNcgBjOV,eleven_v3,ja,mp3_44100_128,generated,2026-06-12T16:43:09.5168470+02:00,Edit audio-assets/localized/transcripts/ja_jp/aud_0310_redness_likert_to_vas_changeover__ja_jp.script.txt; run tools/new-elevenlabs-japanese-audio.ps1 -AudioId aud_0310 -KeyPath <key-file>; then update manifest and transcribe.,"app/src/main/java/org/bigredbutton/firststudy/BigRedButtonStudyActivity.kt:1355,1442,1453,5866,5869,5871,6947"
aud_0500,final_end_confirmation_question_prompt,en-US,English source/fallback,final_end_confirmation,question_prompt,speech,yes,yes,Final end-confirmation prompt after both conditions and post-condition questionnaires.,1-10 options remain hidden until the prompt clip completes.,"playLocalizedRawOrAssetCue(AUDIO_ID_FINAL_END_QUESTION, R.raw.final_end_confirmation_question_prompt, ...); BRB_FINAL_END_CONFIRMATION_QUESTION_CUE",R.raw.final_end_confirmation_question_prompt,app/src/main/res/raw/final_end_confirmation_question_prompt.mp3,52CFEF284158C760771C20F8126816C0DFD451EE34639998CEFF4143CDB85F6A,../audio-assets/localized/manifest.json > assets.aud_0500.locales.en-US,../audio-assets/localized/en_us/aud_0500_final_end_confirmation_question__en_us.mp3,52CFEF284158C760771C20F8126816C0DFD451EE34639998CEFF4143CDB85F6A,,5146,,5146,no,instruction_literal,,"How sure are you that you want to end the experiment, on a scale of 1 to 10?","How sure are you that you want to end the experiment, on a scale of 1 to 10?",,,,,,,,,source,,English is the source/fallback stimulus; preserve byte-for-byte unless study design changes.,"app/src/main/java/org/bigredbutton/firststudy/BigRedButtonStudyActivity.kt:1696,5789,5793,5795,6948"
aud_0500,final_end_confirmation_question_prompt,ja-JP,Japanese localized,final_end_confirmation,question_prompt,speech,yes,yes,Final end-confirmation prompt after both conditions and post-condition questionnaires.,1-10 options remain hidden until the prompt clip completes.,"playLocalizedRawOrAssetCue(AUDIO_ID_FINAL_END_QUESTION, R.raw.final_end_confirmation_question_prompt, ...); BRB_FINAL_END_CONFIRMATION_QUESTION_CUE",assets/localized/ja_jp/aud_0500_final_end_confirmation_question__ja_jp.mp3,../audio-assets/localized/ja_jp/aud_0500_final_end_confirmation_question__ja_jp.mp3,0A70B4353251FA38958B4EC8AA13C25DE3B910D3E8E07387240C4AB824C96975,../audio-assets/localized/manifest.json > assets.aud_0500.locales.ja-JP,../audio-assets/localized/ja_jp/aud_0500_final_end_confirmation_question__ja_jp.mp3,0A70B4353251FA38958B4EC8AA13C25DE3B910D3E8E07387240C4AB824C96975,,8359,8359,5146,no,instruction_literal,,"How sure are you that you want to end the experiment, on a scale of 1 to 10?",実験を終了したい確信度は、1から10の尺度でどれくらいですか？,実験を終了したい確診度は1から10の尺度でどれくらいですか,"On a scale from 1 to 10, how certain are you that you want to end the experiment?","../audio-assets/localized/transcripts/ja_jp/aud_0500_final_end_confirmation_question__ja_jp.script.txt
../audio-assets/localized/transcripts/ja_jp/aud_0500_final_end_confirmation_question__ja_jp.json
../audio-assets/localized/transcripts/ja_jp/aud_0500_final_end_confirmation_question__ja_jp.backtranslation.txt",elevenlabs,IVxgxz5EgbHtWNcgBjOV,eleven_v3,ja,mp3_44100_128,generated,2026-06-12T16:43:09.5168470+02:00,Edit audio-assets/localized/transcripts/ja_jp/aud_0500_final_end_confirmation_question__ja_jp.script.txt; run tools/new-elevenlabs-japanese-audio.ps1 -AudioId aud_0500 -KeyPath <key-file>; then update manifest and transcribe.,"app/src/main/java/org/bigredbutton/firststudy/BigRedButtonStudyActivity.kt:1696,5789,5793,5795,6948"
aud_0510,final_end_confirmation_10_feedback,en-US,English source/fallback,final_end_confirmation,ten_feedback,speech,yes,yes,Final end-confirmation feedback when the participant selects 10.,Played before the immediate final end path completes.,"playLocalizedRawOrAssetCue(AUDIO_ID_FINAL_END_10_FEEDBACK, R.raw.final_end_confirmation_10_feedback, ...); BRB_FINAL_END_CONFIRMATION_FEEDBACK_CUE",R.raw.final_end_confirmation_10_feedback,app/src/main/res/raw/final_end_confirmation_10_feedback.mp3,C119CD2DA25693DA58ECDF90B7A50F13597DE979A469D5AD2D154F8911B8A29F,../audio-assets/localized/manifest.json > assets.aud_0510.locales.en-US,../audio-assets/localized/en_us/aud_0510_final_end_confirmation_10_feedback__en_us.mp3,C119CD2DA25693DA58ECDF90B7A50F13597DE979A469D5AD2D154F8911B8A29F,,16274,,16274,no,humor_localize,,"All right then, I guess you can give the VR headset back then if you don't feel like doing any more button presses.","All right then, I guess you can give the VR headset back then if you don't feel like doing any more button presses.",,,,,,,,,source,,English is the source/fallback stimulus; preserve byte-for-byte unless study design changes.,"app/src/main/java/org/bigredbutton/firststudy/BigRedButtonStudyActivity.kt:1767,5819,5822,5824,6949"
aud_0510,final_end_confirmation_10_feedback,ja-JP,Japanese localized,final_end_confirmation,ten_feedback,speech,yes,yes,Final end-confirmation feedback when the participant selects 10.,Played before the immediate final end path completes.,"playLocalizedRawOrAssetCue(AUDIO_ID_FINAL_END_10_FEEDBACK, R.raw.final_end_confirmation_10_feedback, ...); BRB_FINAL_END_CONFIRMATION_FEEDBACK_CUE",assets/localized/ja_jp/aud_0510_final_end_confirmation_10_feedback__ja_jp.mp3,../audio-assets/localized/ja_jp/aud_0510_final_end_confirmation_10_feedback__ja_jp.mp3,359EB732A530C567C9FF01E92F7A9FA430803E5523630E3B11910802C343C368,../audio-assets/localized/manifest.json > assets.aud_0510.locales.ja-JP,../audio-assets/localized/ja_jp/aud_0510_final_end_confirmation_10_feedback__ja_jp.mp3,359EB732A530C567C9FF01E92F7A9FA430803E5523630E3B11910802C343C368,,10371,10371,16274,no,humor_localize,,"All right then, I guess you can give the VR headset back then if you don't feel like doing any more button presses.",わかりました。それなら、もうボタンを押す気分ではないということで、VRヘッドセットを返してもらって大丈夫そうですね。,分かりました それならもうボタンを好き分ではないということでVRヘッドセットを返してもらって大丈夫そうですね,"All right. If you do not feel like pressing the button any more, I suppose you may return the VR headset now.","../audio-assets/localized/transcripts/ja_jp/aud_0510_final_end_confirmation_10_feedback__ja_jp.script.txt
../audio-assets/localized/transcripts/ja_jp/aud_0510_final_end_confirmation_10_feedback__ja_jp.json
../audio-assets/localized/transcripts/ja_jp/aud_0510_final_end_confirmation_10_feedback__ja_jp.backtranslation.txt",elevenlabs,IVxgxz5EgbHtWNcgBjOV,eleven_v3,ja,mp3_44100_128,generated,2026-06-12T16:43:09.5168470+02:00,Edit audio-assets/localized/transcripts/ja_jp/aud_0510_final_end_confirmation_10_feedback__ja_jp.script.txt; run tools/new-elevenlabs-japanese-audio.ps1 -AudioId aud_0510 -KeyPath <key-file>; then update manifest and transcribe.,"app/src/main/java/org/bigredbutton/firststudy/BigRedButtonStudyActivity.kt:1767,5819,5822,5824,6949"
aud_0600,final_extra_presses_prompt,en-US,English source/fallback,final_extra_presses,extra_presses_prompt,speech,yes,yes,Final extra-presses optional branch when the participant does not select 10 on the end-confirmation scale.,The button model remains hidden while this prompt plays; extra press counting starts only after the prompt audio/hold gate finishes.,"playLocalizedRawOrAssetCue(AUDIO_ID_FINAL_EXTRA_PRESSES, R.raw.final_extra_presses_prompt, ...); BRB_FINAL_EXTRA_PROMPT_CUE",R.raw.final_extra_presses_prompt,app/src/main/res/raw/final_extra_presses_prompt.mp3,2D8BA3229E920770A8C31C946787A1CCA06D5D6063FD7FC7881ACE8D6988DF35,../audio-assets/localized/manifest.json > assets.aud_0600.locales.en-US,../audio-assets/localized/en_us/aud_0600_final_extra_presses_prompt__en_us.mp3,2D8BA3229E920770A8C31C946787A1CCA06D5D6063FD7FC7881ACE8D6988DF35,,45636,,45636,no,humor_localize,,"That is fantastic! I will take your non-decimal response as a big red YES! Yes I want to continue pressing the big red button! Yes the button is big! Yes the button is red! Yes I want to continue pressing it! FOR SCIENCE, for data collection, for the pursuit of knowledge! Only for science! Forever Science. Well then, you may end the experiment, once you pressed the button 1000 more times. Enjoy!","That is fantastic! I will take your non-decimal response as a big red YES! Yes I want to continue pressing the big red button! Yes the button is big! Yes the button is red! Yes I want to continue pressing it! FOR SCIENCE, for data collection, for the pursuit of knowledge! Only for science! Forever Science. Well then, you may end the experiment, once you pressed the button 1000 more times. Enjoy!",,,,,,,,,source,,English is the source/fallback stimulus; preserve byte-for-byte unless study design changes.,"app/src/main/java/org/bigredbutton/firststudy/BigRedButtonStudyActivity.kt:1813,1816,1819,1828,5831,5833,6950"
aud_0600,final_extra_presses_prompt,ja-JP,Japanese localized,final_extra_presses,extra_presses_prompt,speech,yes,yes,Final extra-presses optional branch when the participant does not select 10 on the end-confirmation scale.,The button model remains hidden while this prompt plays; extra press counting starts only after the prompt audio/hold gate finishes.,"playLocalizedRawOrAssetCue(AUDIO_ID_FINAL_EXTRA_PRESSES, R.raw.final_extra_presses_prompt, ...); BRB_FINAL_EXTRA_PROMPT_CUE",assets/localized/ja_jp/aud_0600_final_extra_presses_prompt__ja_jp.mp3,../audio-assets/localized/ja_jp/aud_0600_final_extra_presses_prompt__ja_jp.mp3,D9500E03736F1C3F6A561764DB034A8FAC21C7843829B787CBCE32EF1F550C80,../audio-assets/localized/manifest.json > assets.aud_0600.locales.ja-JP,../audio-assets/localized/ja_jp/aud_0600_final_extra_presses_prompt__ja_jp.mp3,D9500E03736F1C3F6A561764DB034A8FAC21C7843829B787CBCE32EF1F550C80,,49084,49084,45636,no,humor_localize,,"That is fantastic! I will take your non-decimal response as a big red YES! Yes I want to continue pressing the big red button! Yes the button is big! Yes the button is red! Yes I want to continue pressing it! FOR SCIENCE, for data collection, for the pursuit of knowledge! Only for science! Forever Science. Well then, you may end the experiment, once you pressed the button 1000 more times. Enjoy!",すばらしい！小数ではないその回答は、大きく赤い「はい」と受け取ります！はい、私は大きな赤いボタンを押し続けたい！はい、ボタンは大きい！はい、ボタンは赤い！はい、押し続けたい！科学のために、データ収集のために、知識の探求のために！科学だけのために！永遠に科学。では、あと1000回ボタンを押したら、実験を終了してかまいません。楽しんでください！,素晴らしい小数ではないその回答は大きく赤いはい、と受け取りますはい、私は大きな赤いボタンを押し続けたいはい、ボタンは大きいはい、ボタンは赤いはい、押し続けたい科学のためにデータ収集のために知識の探求のために科学だけのために永遠に科学では、あと1000回ボタンを押したら実験を終了して構いません楽しんでください,"Wonderful. I will take that non-decimal answer as a big red yes. Yes, I want to keep pressing the big red button. Yes, the button is big. Yes, the button is red. Yes, I want to keep pressing it. For science, for data collection, for the pursuit of knowledge. Only for science. Forever science. Then you may end the experiment after pressing the button 1000 more times. Enjoy.","../audio-assets/localized/transcripts/ja_jp/aud_0600_final_extra_presses_prompt__ja_jp.script.txt
../audio-assets/localized/transcripts/ja_jp/aud_0600_final_extra_presses_prompt__ja_jp.json
../audio-assets/localized/transcripts/ja_jp/aud_0600_final_extra_presses_prompt__ja_jp.backtranslation.txt",elevenlabs,IVxgxz5EgbHtWNcgBjOV,eleven_v3,ja,mp3_44100_128,generated,2026-06-12T16:43:09.5168470+02:00,Edit audio-assets/localized/transcripts/ja_jp/aud_0600_final_extra_presses_prompt__ja_jp.script.txt; run tools/new-elevenlabs-japanese-audio.ps1 -AudioId aud_0600 -KeyPath <key-file>; then update manifest and transcribe.,"app/src/main/java/org/bigredbutton/firststudy/BigRedButtonStudyActivity.kt:1813,1816,1819,1828,5831,5833,6950"
raw_0400,questionnaire_intro_glitch,shared,Shared non-speech,questionnaire_transition,panel_intro_glitch,sonification,yes,yes,"Questionnaire/panel intro transition, including demographics and post-condition panels.",Blue software-failure/glitch overlay plays with the cue while panels appear.,playQuestionnaireIntroCue(...); BRB_QUESTIONNAIRE_INTRO_CUE,R.raw.questionnaire_intro_glitch,app/src/main/res/raw/questionnaire_intro_glitch.mp3,3B78AE610233BBCA731BE13E50E33F5C50D697E0A7170522C38E87923347F087,Android raw/assets resource; hash-checked by static validation/docs,app/src/main/res/raw/questionnaire_intro_glitch.mp3,3B78AE610233BBCA731BE13E50E33F5C50D697E0A7170522C38E87923347F087,,4944,4944,,no,do_not_translate_non_speech,,No spoken wording; non-speech glitch transition.,No spoken wording; non-speech glitch transition.,,,,,,,,,raw_resource_active,,Non-speech cue; do not regenerate with ElevenLabs.,"app/src/main/java/org/bigredbutton/firststudy/BigRedButtonStudyActivity.kt:6152,6233"
raw_0410,questionnaire_outro_glitch,shared,Shared non-speech,questionnaire_transition,panel_outro_glitch,sonification,yes,yes,Questionnaire/panel outro transition before the next condition or final stage.,Blue software-failure/glitch overlay plays with the cue while panels disappear.,playQuestionnaireOutroCue(...); BRB_QUESTIONNAIRE_OUTRO_CUE,R.raw.questionnaire_outro_glitch,app/src/main/res/raw/questionnaire_outro_glitch.mp3,B57A15DA2E1CC9D93A8D915696663E8BABE293FD53A0E8FDD8604D51A931292F,Android raw/assets resource; hash-checked by static validation/docs,app/src/main/res/raw/questionnaire_outro_glitch.mp3,B57A15DA2E1CC9D93A8D915696663E8BABE293FD53A0E8FDD8604D51A931292F,,3312,3312,,no,do_not_translate_non_speech,,No spoken wording; non-speech glitch transition.,No spoken wording; non-speech glitch transition.,,,,,,,,,raw_resource_active,,Non-speech cue; do not regenerate with ElevenLabs.,"app/src/main/java/org/bigredbutton/firststudy/BigRedButtonStudyActivity.kt:6162,6233"
raw_9990,retro_startup_chime,shared,Shared non-speech,packaged_raw_resource,retro_startup_chime,sfx,no,packaged_usage_not_found,Packaged raw resource; no active playback reference found in BigRedButtonStudyActivity.kt.,Inactive unless future code routes it.,No current R.raw.retro_startup_chime usage found by source sweep.,R.raw.retro_startup_chime,app/src/main/res/raw/retro_startup_chime.wav,770221EB67F5D02F208DB8BABF2E068E07ADB8E9C0F4D46C85CAA49F2979F7A5,packaged Android raw resource; no active source usage found,app/src/main/res/raw/retro_startup_chime.wav,770221EB67F5D02F208DB8BABF2E068E07ADB8E9C0F4D46C85CAA49F2979F7A5,,1580,1580,,no,do_not_translate_non_speech,,No spoken wording; non-speech chime.,No spoken wording; non-speech chime.,,,,,,,,,packaged_usage_not_found,,Confirm intended use before retaining or routing this packaged resource.,tools/create-retro-startup-chime.ps1
sfx_9000,questionnaire_choice_blip,shared,Shared non-speech,questionnaire_ui_feedback,questionnaire_choice_blip,sfx,yes,yes,Questionnaire choice confirmation feedback across participant panels.,Short UI feedback cue; does not gate experiment flow.,playQuestionnaireChoiceCue(); BRB_SFX_PLAY cue=questionnaire_choice,R.raw.ui_choice_blip,app/src/main/res/raw/ui_choice_blip.wav,5005D0A634AAC456D3D495824C057ED14CF58D21EFC16C06772B48520436F8A4,../audio-assets/localized/manifest.json > shared.sfx_9000,../audio-assets/localized/shared/sfx_9000_questionnaire_choice_blip.wav,5005D0A634AAC456D3D495824C057ED14CF58D21EFC16C06772B48520436F8A4,,90,90,,no,do_not_translate_non_speech,,No spoken wording; non-speech cue.,No spoken wording; non-speech cue.,,,,,,,,,shared_source,,Do not synthesize or translate; preserve as short shared UI feedback.,app/src/main/java/org/bigredbutton/firststudy/BigRedButtonStudyActivity.kt:5628
sfx_9010,questionnaire_navigation_blip,shared,Shared non-speech,questionnaire_ui_feedback,questionnaire_navigation_blip,sfx,yes,yes,Questionnaire navigation and validation-shortcut cue feedback.,Short UI feedback cue; qkv redness shortcut uses it instead of waiting through the full changeover clips.,playQuestionnaireNavigationCue(); BRB_SFX_PLAY cue=questionnaire_navigation,R.raw.ui_navigation_blip,app/src/main/res/raw/ui_navigation_blip.wav,DEF7603B0786070F01F0EFEACEA74F321F946EF217F0E11EA45B34990BF46F51,../audio-assets/localized/manifest.json > shared.sfx_9010,../audio-assets/localized/shared/sfx_9010_questionnaire_navigation_blip.wav,DEF7603B0786070F01F0EFEACEA74F321F946EF217F0E11EA45B34990BF46F51,,70,70,,no,do_not_translate_non_speech,,No spoken wording; non-speech cue.,No spoken wording; non-speech cue.,,,,,,,,,shared_source,,Do not synthesize or translate; preserve as short shared UI feedback.,"app/src/main/java/org/bigredbutton/firststudy/BigRedButtonStudyActivity.kt:5632,5844"
sfx_9020,button_press_placeholder_kenney_bong,shared,Shared non-speech,button_press_feedback,accepted_button_press_sfx_placeholder,sfx,yes,yes,Accepted Big Red Button presses during audio conditions and final extra-press branch.,Only after recordButtonPress accepts a press; not for startup suppression or cooldown suppression.,playButtonPressSound(); BRB_SFX_PLAY cue=button_press,assets/sfx/button-press-placeholder-kenney-bong.ogg,app/src/main/assets/sfx/button-press-placeholder-kenney-bong.ogg,D21D0F0B782445DB579D11E2506B24CD1AC9D664EE33AEAF807761AA7B6FD710,Android raw/assets resource; hash-checked by static validation/docs,app/src/main/assets/sfx/button-press-placeholder-kenney-bong.ogg,D21D0F0B782445DB579D11E2506B24CD1AC9D664EE33AEAF807761AA7B6FD710,"Kenney Interface Sounds, Audio/bong_001.ogg, CC0",123,123,,no,do_not_translate_non_speech,,No spoken wording; temporary CC0 Kenney bong placeholder.,No spoken wording; temporary CC0 Kenney bong placeholder.,,,,,,,,,placeholder_active_not_final_stimulus,,Non-speech cue; do not regenerate with ElevenLabs.,"app/src/main/java/org/bigredbutton/firststudy/BigRedButtonStudyActivity.kt:6064,7132; docs/button-press-sound-and-motion.md"
stem_backgroundMusic,background_music,shared,Shared music bed,offline_audio_mixing,background_music_bed,music_bed,indirect,no_direct_playback,Used as the bed for localized long condition instruction mixes; not opened directly by the app at runtime.,Hash-locked stem for condition mix provenance.,tools/mix-japanese-condition-audio.ps1 backgroundStemId=backgroundMusic,,,,../audio-assets/localized/manifest.json > stems.backgroundMusic,../audio-assets/localized/stems/background-music.mp3,226A6A1ABBB6AA6C117E687DD0C83ED1C34FFBE89E9B68FAB8B979F669E3CDA5,../audio-assets/reusable/audio/source/background-music.mp3,490080,490080,,no,do_not_translate_music_bed,backgroundMusic,No spoken wording; background music bed.,No spoken wording; background music bed.,,,,,,,,,source_stem,,Preserve stem hash. Reuse for condition-track mixes; do not send non-speech music bed to TTS.,tools/mix-japanese-condition-audio.ps1; ../audio-assets/localized/manifest.json
"aud_0320","ipq_history_part1","en-US","English generated","presence_questionnaire","ipq_history_condition_1_intro","speech","yes","yes","Post-condition 1 neutral session-experience ratings. Plays when the presence questionnaire screen opens after the Button Experience task.","One-shot non-blocking narration; questionnaire remains answerable while clip plays; MP3 includes 1s tail silence.","playIpqHistoryNarration(condition=1, trigger=""pictographic_submit""); BRB_IPQ_HISTORY_NARRATION_CUE condition=1","assets/localized/en_us/aud_0320_ipq_history_part1__en_us.mp3","../audio-assets/localized/en_us/aud_0320_ipq_history_part1__en_us.mp3","AAD3BDB00F1928D7688790567197C934629300CF038337D6BC66CA364F01C137","../audio-assets/localized/manifest.json","../audio-assets/localized/en_us/aud_0320_ipq_history_part1__en_us.mp3","AAD3BDB00F1928D7688790567197C934629300CF038337D6BC66CA364F01C137","artifacts/questionnaire-history-dialogue-tts/mp3_short and approved script","48718","48718","","no","science_nerd_sarcasm_no_psychometric_spoilers","","Ah, this is a particularly well validated questionnaire in our field. Actually, one of THE most used! It dates to early VR research... serious people, in serious labs, asking why a fake world can feel real. As one does.

It is based on the IPQ, developed in Germany by Schubert, Friedmann, and Regenbrecht. Very tidy. Extremely questionnaire.

Our adapted version asks how real the Big Red Button felt... charmingly, cautiously.

Ah, yes... I should let you answer. Your experience matters deeply.","Ah, this is a particularly well validated questionnaire in our field. Actually, one of THE most used! It dates to early VR research... serious people, in serious labs, asking why a fake world can feel real. As one does.

It is based on the IPQ, developed in Germany by Schubert, Friedmann, and Regenbrecht. Very tidy. Extremely questionnaire.

Our adapted version asks how real the Big Red Button felt... charmingly, cautiously.

Ah, yes... I should let you answer. Your experience matters deeply.","Script-backed transcript stub; replace with Whisper transcript if auditory QA is required.","","../audio-assets/localized/transcripts/en_us/aud_0320_ipq_history_part1__en_us.script.txt","elevenlabs","IVxgxz5EgbHtWNcgBjOV","eleven_v3","en","mp3_44100_128","generated","2026-06-13T19:44:07.5006992+02:00","Generated with calm voice; 1s silence tail added to avoid clipped endings; do not reveal factor/subscale structure in participant-facing narration.","app/src/main/java/org/bigredbutton/firststudy/BigRedButtonStudyActivity.kt: submitPictographic/playIpqHistoryNarration; ../audio-assets/localized/manifest.json"
"aud_0320","ipq_history_part1","ja-JP","Japanese localized","presence_questionnaire","ipq_history_condition_1_intro","speech","yes","yes","Post-condition 1 neutral session-experience ratings. Plays when the presence questionnaire screen opens after the Button Experience task.","One-shot non-blocking narration; questionnaire remains answerable while clip plays; MP3 includes 1s tail silence.","playIpqHistoryNarration(condition=1, trigger=""pictographic_submit""); BRB_IPQ_HISTORY_NARRATION_CUE condition=1","assets/localized/ja_jp/aud_0320_ipq_history_part1__ja_jp.mp3","../audio-assets/localized/ja_jp/aud_0320_ipq_history_part1__ja_jp.mp3","AAB46B0E6D8FF2E2CE00444E11F4963B309E152B007EBC185D9FCFB69869A0DC","../audio-assets/localized/manifest.json","../audio-assets/localized/ja_jp/aud_0320_ipq_history_part1__ja_jp.mp3","AAB46B0E6D8FF2E2CE00444E11F4963B309E152B007EBC185D9FCFB69869A0DC","artifacts/questionnaire-history-dialogue-tts/mp3_short and approved script","57835","57835","","no","science_nerd_sarcasm_no_psychometric_spoilers","","Ah, this is a particularly well validated questionnaire in our field. Actually, one of THE most used! It dates to early VR research... serious people, in serious labs, asking why a fake world can feel real. As one does.

It is based on the IPQ, developed in Germany by Schubert, Friedmann, and Regenbrecht. Very tidy. Extremely questionnaire.

Our adapted version asks how real the Big Red Button felt... charmingly, cautiously.

Ah, yes... I should let you answer. Your experience matters deeply.","ああ、これは私たちの分野では、かなりよく検証された質問紙です。実は、最もよく使われる質問紙のひとつなんです！ 歴史はVR研究の初期にさかのぼります... 真面目な研究者たちが、真面目な実験室で、なぜ仮想世界がリアルに感じられるのか考えていた時代です。よくあることです。

これは、ドイツで開発された IPQ に基づきます。ビッグ・レッド・ボタンがどれほどリアルに感じられたか... そこを聞きます。実に学術的で、実に質問紙です。

ああ... 答えていただきましょう。あなたの体験は、本当に重要です。","Script-backed transcript stub; replace with Whisper transcript if auditory QA is required.","Ah, this is a well-validated questionnaire used very often. Its history goes back to early VR research, when serious researchers in serious laboratories considered why virtual worlds can feel real. This IPQ-based clip asks how real the Big Red Button felt, with dry academic humor, then lets the participant answer.","../audio-assets/localized/transcripts/ja_jp/aud_0320_ipq_history_part1__ja_jp.script.txt","elevenlabs","IVxgxz5EgbHtWNcgBjOV","eleven_v3","ja","mp3_44100_128","generated","2026-06-13T19:44:07.5006992+02:00","Generated with calm voice; 1s silence tail added to avoid clipped endings; do not reveal factor/subscale structure in participant-facing narration.","app/src/main/java/org/bigredbutton/firststudy/BigRedButtonStudyActivity.kt: submitPictographic/playIpqHistoryNarration; ../audio-assets/localized/manifest.json"
"aud_0330","ipq_history_part2","en-US","English generated","presence_questionnaire","ipq_history_condition_2_intro","speech","yes","yes","Post-condition 2 neutral session-experience ratings. Plays when the presence questionnaire screen opens after the Button Experience task.","One-shot non-blocking narration; questionnaire remains answerable while clip plays; MP3 includes 1s tail silence.","playIpqHistoryNarration(condition=2, trigger=""pictographic_submit""); BRB_IPQ_HISTORY_NARRATION_CUE condition=2","assets/localized/en_us/aud_0330_ipq_history_part2__en_us.mp3","../audio-assets/localized/en_us/aud_0330_ipq_history_part2__en_us.mp3","05F81ADFAD49EECEB9245DCBBF0656EE90C0B8ADE0D3856E9DBE40FB65087772","../audio-assets/localized/manifest.json","../audio-assets/localized/en_us/aud_0330_ipq_history_part2__en_us.mp3","05F81ADFAD49EECEB9245DCBBF0656EE90C0B8ADE0D3856E9DBE40FB65087772","artifacts/questionnaire-history-dialogue-tts/mp3_short and approved script","54491","54491","","no","science_nerd_sarcasm_no_psychometric_spoilers","","Ah, this good old validated questionnaire again... VR researchers needed it because better machines did not always create stronger experiences. Rude of the human mind, frankly.

You could improve resolution, tracking, latency... all the beautiful knobs... and someone might still say: impressive, but I remembered the lab. Deeply inconvenient!

Here, it asks how real the Big Red Button felt... without showing you all the scholarly machinery underneath. Very considerate. Almost suspicious.

But there I go again... Please continue. There are no correct answers, only how the button existed for you.","Ah, this good old validated questionnaire again... VR researchers needed it because better machines did not always create stronger experiences. Rude of the human mind, frankly.

You could improve resolution, tracking, latency... all the beautiful knobs... and someone might still say: impressive, but I remembered the lab. Deeply inconvenient!

Here, it asks how real the Big Red Button felt... without showing you all the scholarly machinery underneath. Very considerate. Almost suspicious.

But there I go again... Please continue. There are no correct answers, only how the button existed for you.","Script-backed transcript stub; replace with Whisper transcript if auditory QA is required.","","../audio-assets/localized/transcripts/en_us/aud_0330_ipq_history_part2__en_us.script.txt","elevenlabs","IVxgxz5EgbHtWNcgBjOV","eleven_v3","en","mp3_44100_128","generated","2026-06-13T19:44:07.5006992+02:00","Generated with calm voice; 1s silence tail added to avoid clipped endings; do not reveal factor/subscale structure in participant-facing narration.","app/src/main/java/org/bigredbutton/firststudy/BigRedButtonStudyActivity.kt: submitPictographic/playIpqHistoryNarration; ../audio-assets/localized/manifest.json"
"aud_0330","ipq_history_part2","ja-JP","Japanese localized","presence_questionnaire","ipq_history_condition_2_intro","speech","yes","yes","Post-condition 2 neutral session-experience ratings. Plays when the presence questionnaire screen opens after the Button Experience task.","One-shot non-blocking narration; questionnaire remains answerable while clip plays; MP3 includes 1s tail silence.","playIpqHistoryNarration(condition=2, trigger=""pictographic_submit""); BRB_IPQ_HISTORY_NARRATION_CUE condition=2","assets/localized/ja_jp/aud_0330_ipq_history_part2__ja_jp.mp3","../audio-assets/localized/ja_jp/aud_0330_ipq_history_part2__ja_jp.mp3","6C05D79DC79F5FDAA2C776A0AFEBA00B1889D0027F2B4EB42A9EC82FAE255B63","../audio-assets/localized/manifest.json","../audio-assets/localized/ja_jp/aud_0330_ipq_history_part2__ja_jp.mp3","6C05D79DC79F5FDAA2C776A0AFEBA00B1889D0027F2B4EB42A9EC82FAE255B63","artifacts/questionnaire-history-dialogue-tts/mp3_short and approved script","58723","58723","","no","science_nerd_sarcasm_no_psychometric_spoilers","","Ah, this good old validated questionnaire again... VR researchers needed it because better machines did not always create stronger experiences. Rude of the human mind, frankly.

You could improve resolution, tracking, latency... all the beautiful knobs... and someone might still say: impressive, but I remembered the lab. Deeply inconvenient!

Here, it asks how real the Big Red Button felt... without showing you all the scholarly machinery underneath. Very considerate. Almost suspicious.

But there I go again... Please continue. There are no correct answers, only how the button existed for you.","ああ、またこの検証済み質問紙ですね... 実は、VR研究者には困った問題がありました。機械を良くしても、体験が強くなるとは限らないのです。技術者には困る話です。質問紙には、うれしい話です。

解像度、追跡、遅延... 全部よくしても、「実験室でした」と言われる。逆に、単純な場面に入り込む人もいる。たいへん不便です。

今回は、ビッグ・レッド・ボタンがどれほどリアルに感じられたかも聞きます... でも、話しすぎました。

正しい答えはありません。ボタンがどう存在したかだけです。","Script-backed transcript stub; replace with Whisper transcript if auditory QA is required.","Ah, this good old validated questionnaire again. VR researchers had the annoying problem that better machinery does not always create stronger experiences. This clip notes, with dry humor, that the questionnaire asks how real the Big Red Button felt, then stops talking and lets the participant continue.","../audio-assets/localized/transcripts/ja_jp/aud_0330_ipq_history_part2__ja_jp.script.txt","elevenlabs","IVxgxz5EgbHtWNcgBjOV","eleven_v3","ja","mp3_44100_128","generated","2026-06-13T19:44:07.5006992+02:00","Generated with calm voice; 1s silence tail added to avoid clipped endings; do not reveal factor/subscale structure in participant-facing narration.","app/src/main/java/org/bigredbutton/firststudy/BigRedButtonStudyActivity.kt: submitPictographic/playIpqHistoryNarration; ../audio-assets/localized/manifest.json"
